ALD;COST IN CLOUD;NU;MT
683.185562638228;665020.4460640231;270470.5;0.0
687.0329323721404;653243.4777828851;272282.0;0.0
685.131970620459;652315.8286119893;271787.5;0.0
686.9436003322153;657181.0413108896;271780.0;0.0
685.7980632626725;641507.8212670911;271712.5;0.0
