ALD;COST IN CLOUD;NU;MT
781.8626788317347;653965.6561959286;265063.5;0.0
779.415266617573;678509.5516039805;265108.0;0.0
782.7198100799642;649848.2940321444;267464.0;0.0
779.8772826876741;691253.0891056223;265545.0;0.0
782.4234502920086;673513.4272924466;265598.0;0.0
