ALD;COST IN CLOUD;NU;MT
788.557127736831;662393.4518467566;406166.0;0.0
785.6969752182528;664273.8394808213;401408.0;0.0
790.0849197661825;691866.3858867376;403793.0;0.0
782.3146532842702;642965.8065539466;400539.5;0.0
786.5203357660207;662249.1152845084;401872.5;0.0
