ALD;COST IN CLOUD;NU;MT
199.9173012234285;482417.01623186225;294669.328;3.2800000000000025
208.65454034689665;437553.77721227036;271588.828;3.2800000000000025
219.20704634185387;428163.8738412049;249358.828;3.2800000000000025
200.0963913835043;477060.64826305344;323092.828;3.2800000000000025
200.11185944603776;442208.5110528501;287632.828;3.2800000000000025
