ALD;COST IN CLOUD;NU;MT
220.6028604051877;478766.831564326;311930.308;3.0800000000000023
201.27047643852882;512363.9021249703;414034.308;3.080000000000002
213.5179736956438;445829.2821664067;345702.308;3.0800000000000023
209.25847471232538;479793.44221189164;350545.808;3.0800000000000023
213.7192444382326;510316.8326384097;358839.308;3.0800000000000023
