ALD;COST IN CLOUD;NU;MT
780.6165766419267;671728.530908959;497374.0;0.0
783.2137143896713;683722.2828737882;500414.0;0.0
784.924704594778;675064.6022236908;502998.5;0.0
783.8079358128675;660863.1720910409;500965.0;0.0
785.9738613134618;651872.9028723766;501507.0;0.0
