ALD;COST IN CLOUD;NU;MT
202.14672286928587;483362.31904326344;500550.808;3.0800000000000023
195.77299789577427;534498.813553365;539383.808;3.080000000000002
212.8368157823552;468060.25138626166;428455.308;3.0800000000000023
202.44739061950384;506004.03607785795;502797.308;3.080000000000002
202.59376140545245;520745.3232191636;519076.308;3.080000000000002
