ALD;COST IN CLOUD;NU;MT
785.6208351564245;651538.3762678497;599516.0;0.0
785.2219875998926;661659.7514866227;598831.0;0.0
780.6569452550688;667952.368811735;598114.5;0.0
783.2813092629292;654643.5164180803;599719.0;0.0
787.2932530995245;652428.8907998696;596855.5;0.0
