ALD;COST IN CLOUD;NU;MT
389.55363033999953;296215.67113822704;149818.614;6.14
384.007407465578;339209.08583924087;147382.614;6.140000000000001
381.48990239351554;322410.85755053087;150088.614;6.139999999999989
388.4513197120748;281992.0764183221;146217.614;6.1400000000000015
390.8991819298303;321885.20457640535;148794.114;6.140000000000002
387.01378830939854;314047.9577384282;148952.614;6.139999999999994
