ALD;COST IN CLOUD;NU;MT
318.49838655287414;141918.4859592669;57191.156;21.559999999999643
310.78939212689;124704.71446944584;59522.184;21.839999999999623
287.8300434053965;107634.65659163249;57333.184;21.83999999999963
310.443904106647;85319.99999999198;56315.168;21.67999999999964
315.51813345094604;101160.07999999236;58497.168;21.679999999999627
308.95526759353817;80237.19999999223;58770.184;21.839999999999623
