ALD;COST IN CLOUD;NU;MT
457.21314385532065;269971.097317208;149147.012;5.119999999999979
448.64739696022735;278343.6194200785;149107.512;5.119999999999979
456.26769241182217;308345.9807593921;149285.512;5.119999999999979
448.41208114510977;285553.6848229072;150164.012;5.119999999999979
