ALD;COST IN CLOUD;NU;MT
142.82837152700864;187172.51575562244;90773.696;26.959999999999535
160.00975247990377;126802.18263664308;88678.664;26.639999999999535
150.7144498686538;162310.70349465142;89868.18;26.799999999999546
145.9335103880107;213975.05659163508;86886.168;26.67999999999955
164.1816937785731;294980.782122186;84836.196;26.959999999999532
144.5943656283906;161673.1140407215;86080.18;26.79999999999954
