ALD;COST IN CLOUD;NU;MT
212.7808164141252;478211.6422788934;412453.308;3.080000000000002
203.45063090271682;550508.8971480774;523696.808;3.080000000000002
204.29739229466097;507679.49361760507;474447.308;3.0800000000000023
192.97427070203264;514321.1451599943;515909.808;3.0800000000000023
211.06708175790067;461131.5182395625;437460.308;3.0800000000000023
