ALD;COST IN CLOUD;NU;MT
39.401841625819344;6130.1378571419555;5040.92;4.199999999999998
43.62331431768825;15294.880714282588;17011.42;4.199999999999998
41.04176179230728;15524.93785713971;16809.42;4.199999999999998
41.16807081610743;14881.052142854172;15945.92;4.199999999999998
55.859385395667815;16042.694999996767;18229.42;4.199999999999998
