ALD;COST IN CLOUD;NU;MT
74.82505198431537;26427.13785713927;24311.0;0.0
87.62353721348322;17516.937857139295;23933.0;0.0
75.01067344671304;18064.737857139207;23808.5;0.0
85.1687647003316;21996.937857139284;24001.5;0.0
79.07800499080493;22544.737857139156;24162.0;0.0
