ALD;COST IN CLOUD;NU;MT
73.70928591633864;22245.937857139226;23994.5;0.0
82.2385586081219;35521.10928571061;23995.5;0.0
73.18449943610273;17650.909285710724;23995.5;0.0
93.31085878953698;22429.709285710633;24364.0;0.0
81.74766797594448;17865.537857139214;24243.0;0.0
