ALD;COST IN CLOUD;NU;MT
50.555052486993034;14378.294999997119;16393.172;6.719999999999993
27.38852285528309;7556.937857141598;6387.672;6.719999999999993
49.71928571428572;1879.7378571428612;701.672;6.719999999999994
40.66910920980525;16869.537857139396;18615.672;6.719999999999987
50.358318041473595;15445.094999996958;17014.672;6.719999999999986
