ALD;COST IN CLOUD;NU;MT
86.44158784820794;17949.70928571067;23936.5;0.0
83.49240081591243;17650.909285710753;23558.5;0.0
91.58745721205686;26725.937857139175;24604.5;0.0
73.4543815755176;18214.137857139172;24156.0;0.0
45.845108022283384;40663.93785713903;24693.0;0.0
