ALD;COST IN CLOUD;NU;MT
43.70145077992124;16392.69499999667;18917.552;5.519999999999996
80.5937717057971;17733.565418002792;21838.552;5.519999999999996
83.43602002537321;17954.294999996342;22455.552;5.519999999999997
51.33521149024242;11429.766428569259;11900.552;5.519999999999996
57.0776323578849;12867.623571426073;13798.552;5.519999999999997
