ALD;COST IN CLOUD;NU;MT
54.6142810503561;16379.89499999663;18609.1;5.999999999999999
41.83150914605337;14945.725418003718;15826.1;5.999999999999999
50.015887955019494;16459.56642856807;18466.6;5.9999999999999964
46.249603552666855;16699.694999996616;18260.1;5.999999999999999
51.92757589708396;14966.294999997028;15898.6;5.999999999999999
