ALD;COST IN CLOUD;NU;MT
78.99853158325662;17899.909285710655;24024.5;0.0
80.73700995583008;30807.53785713927;24263.0;0.0
79.10089165088762;21996.93785713928;23810.5;0.0
92.61878855410676;17850.10928571062;24174.0;0.0
81.96181455765391;18014.93785713918;24374.5;0.0
