ALD;COST IN CLOUD;NU;MT
311.6207982391567;595517.0923809841;499928.5;0.0
310.8833719767552;586398.4094385065;504315.5;0.0
306.82281834394183;592247.6945338696;499249.5;0.0
307.12049915811025;581721.5946421847;499778.0;0.0
307.7510452465791;593658.9754453832;499763.5;0.0
