ALD;COST IN CLOUD;NU;MT
203.84790527251425;478056.8765439381;376390.804;3.040000000000002
224.116757221397;445641.45888640743;314405.304;3.0400000000000023
206.8188369985508;440678.33632014145;341050.304;3.0400000000000023
204.48267887825634;483910.7556733972;375611.804;3.0400000000000023
206.1666299500958;482611.98297136265;376019.804;3.040000000000002
