ALD;COST IN CLOUD;NU;MT
180.66361884095505;84900.99999998475;83662.808;18.079999999999703
212.58365081792957;86143.99999998549;80103.808;18.079999999999703
163.6983573375619;87291.39999998429;85197.308;18.079999999999703
162.9895318098512;113171.39999998707;86279.308;18.079999999999703
154.74646318035;82711.79999998435;85625.808;18.079999999999703
162.10051696544025;72506.79999998475;85659.808;18.079999999999703
