ALD;COST IN CLOUD;NU;MT
176.33878160910947;162296.4000000008;87216.028;25.279999999999603
170.07137931751984;126404.5429796228;86989.528;25.27999999999962
185.8042241762197;147185.19914254628;85272.528;25.27999999999961
158.43972515486303;186532.10643776506;87768.012;25.119999999999603
164.07842282779913;172540.79999999105;86943.028;25.279999999999617
154.75538941944188;200205.55999999656;89276.528;25.27999999999961
181.56072864352228;186842.45659163446;85391.528;25.279999999999614
149.76679325510554;233385.15999999887;88072.028;25.279999999999603
150.90692349306553;429663.159999992;87661.028;25.279999999999607
