ALD;COST IN CLOUD;NU;MT
355.04302650251606;308673.7296115743;154074.31;13.099999999999852
351.5653476298284;307890.7331672993;150603.31;13.099999999999856
366.48083324219976;308901.3180953225;154586.31;13.099999999999854
357.51452030244195;314173.740678587;150410.81;13.099999999999856
358.2580982455938;303946.85156834184;151029.31;13.099999999999843
361.54271190784874;314176.5904128482;151974.692;11.919999999999877
