ALD;COST IN CLOUD;NU;MT
316.7472707110499;288742.5737293987;136460.846;18.459999999999773
314.72741408703183;303359.19708663685;137042.846;18.45999999999977
316.3368888599032;271845.12608642026;138515.346;18.459999999999773
319.639638455441;310475.0683694693;138046.346;18.459999999999773
315.5230826249328;313999.2892586275;138875.346;18.45999999999977
316.7245033952062;319201.1706808333;140313.346;18.45999999999977
