ALD;COST IN CLOUD;NU;MT
311.97399589396093;141358.7892818768;138468.26;27.599999999999564
323.0301788395598;116191.89590567308;114145.76;27.599999999999554
305.9531057656535;141027.45830652688;139437.76;27.59999999999956
332.45573418442405;112062.93607715912;114353.26;27.599999999999564
311.1407550187478;138360.9497106001;137685.76;27.599999999999554
17.688532534312376;29770.399999998306;4403.66;1.6000000000000008
