ALD;COST IN CLOUD;NU;MT
54.05690166130732;11927.423571426214;13169.752;2.520000000000002
57.012551201959695;6188.809285713338;5341.752;2.520000000000002
63.285419874963985;8755.652142855619;6258.752;2.520000000000002
49.162540412080155;15612.623571425454;18096.752;2.520000000000002
48.131346387882054;11743.652142854857;10629.252;2.520000000000002
42.924912990042614;9851.252142855297;5896.752;2.520000000000002
