ALD;COST IN CLOUD;NU;MT
226.90157973915882;680899.9430175141;221663.0;0.0
227.1355169786647;684584.3572812172;223632.0;0.0
227.15475008475894;687667.5760986038;224156.0;0.0
227.26866665765405;687237.3462988375;225269.0;0.0
226.97831960454596;677257.5431969743;222236.5;0.0
227.01289077340945;682505.6137333722;224087.0;0.0
