ALD;COST IN CLOUD;NU;MT
52.836871072127714;13452.28071428307;15153.384;3.840000000000003
66.0119802097681;26468.094999995476;30345.668;1.680000000000001
249.90658072827097;595103.3566563493;212215.5;0.0
721.337671407347;753029.6362866237;529697.5;0.0
