ALD;COST IN CLOUD;NU;MT
683.0150784222967;39241.494999994124;56716.0;0.0
688.6665068874371;35190.61499999779;56301.0;0.0
434.31505627881205;23481.023571423677;33571.0;0.0
96.29312500000015;7396.494999999861;1988.436;9.359999999999957
103.18672730562021;47298.209775680676;49884.5;0.0
