ALD;COST IN CLOUD;NU;MT
279.40269868600114;406638.028661361;213231.312;3.1200000000000023
277.2369840427926;402828.83200964995;213773.812;3.1200000000000023
274.3881995068701;391769.4385989194;213552.312;3.1200000000000023
274.20585394185076;401297.0644425193;214596.312;3.1200000000000023
278.02673032383893;415527.353174689;211318.312;3.1200000000000023
279.27923491381824;428369.1844425189;213202.812;3.1200000000000023
