ALD;COST IN CLOUD;NU;MT
226.50724549606315;497298.22735097364;223638.772;2.720000000000002
226.26698512426051;481244.50555456616;223661.772;2.720000000000002
225.29672478613344;500294.33357531007;223612.272;2.7200000000000015
225.23821629001125;506189.8529726236;223109.272;2.720000000000002
224.99290189936002;482636.3667448051;224672.272;2.7200000000000015
225.03708351151528;485771.59343653446;224434.772;2.7200000000000015
