ALD;COST IN CLOUD;NU;MT
228.37592417386742;453771.6247234315;224900.97;4.699999999999995
228.39017646950325;450689.7335967399;224710.47;4.699999999999995
228.32905076871143;446404.65025813616;222518.97;4.699999999999991
231.63381205215313;436040.311439337;223377.97;4.699999999999997
228.3227035502072;464410.6046323016;223672.47;4.699999999999991
228.31349795078827;459159.04876005155;223513.47;4.699999999999992
