ALD;COST IN CLOUD;NU;MT
228.3824826351537;491080.30510732176;224286.624;6.239999999999983
227.81250926128004;470590.52234445023;222905.624;6.239999999999984
228.6483719417984;492900.13919016824;225253.124;6.2399999999999824
232.27985439251907;463397.1408304237;223892.624;6.239999999999986
228.25194386235495;482620.5150182528;225601.124;6.239999999999984
228.37773385670556;480096.55189984466;224712.624;6.239999999999985
