ALD;COST IN CLOUD;NU;MT
285.8502799065621;162874.84062890918;146135.66;21.599999999999678
280.63322924386273;168818.52716245336;145528.66;21.59999999999969
266.3892265734339;222074.12578741743;145504.16;21.599999999999692
271.04663235699945;174621.58419441368;146831.66;21.599999999999685
294.2101598960852;186838.6310825247;144192.16;21.59999999999967
