ALD;COST IN CLOUD;NU;MT
253.39323877132594;410147.13718466694;218413.966;9.659999999999938
251.6730497828154;362772.9072944244;219670.966;9.65999999999994
250.92108711385768;384871.2562478334;219698.966;9.659999999999936
247.07921537623454;349058.41007387976;220643.466;9.659999999999938
253.2092397051864;343191.2136893385;219429.466;9.659999999999926
250.1721128616603;384552.5316272273;219602.466;9.659999999999936
