ALD;COST IN CLOUD;NU;MT
249.02405160415324;341309.748271948;219139.99;9.899999999999928
268.3605603085955;404578.90302240866;213614.01;10.09999999999992
252.8475671223554;372433.5475091423;220861.99;9.899999999999926
249.48312381232648;337757.3502423572;219826.49;9.899999999999935
254.09379556264687;295945.8378059984;219519.99;9.899999999999935
254.18005278798486;320259.38100032543;218488.99;9.899999999999924
