ALD;COST IN CLOUD;NU;MT
315.34299254278125;298552.87092799356;138361.346;18.459999999999766
315.6562333338637;345447.6465438379;137939.846;18.45999999999977
318.27517006043513;288046.0227081887;138108.846;18.459999999999766
320.3510493603861;316746.9615168555;138037.346;18.459999999999777
320.9819985124369;307545.9382402608;137015.346;18.459999999999773
318.2953217605058;290650.62632613716;137510.346;18.459999999999766
