ALD;COST IN CLOUD;NU;MT
196.13593415347015;481642.4371463198;185551.148;1.4800000000000009
178.283138329907;433872.60524686315;178393.148;1.4800000000000009
184.4788561112168;445351.8195976001;181339.648;1.4800000000000009
179.2353904413392;406932.78910838004;174747.648;1.4800000000000009
173.623413076554;454364.225224284;175675.648;1.4800000000000009
