ALD;COST IN CLOUD;NU;MT
275.1711561993792;518624.2529109833;335553.736;2.3600000000000017
283.94698640112773;579958.2402706349;339522.236;2.3600000000000017
275.4820419198083;572969.2054300696;336643.736;2.3600000000000017
278.7082347487917;544443.0412793142;337462.736;2.360000000000001
272.24895062564013;532931.3055238657;338000.736;2.360000000000001
