ALD;COST IN CLOUD;NU;MT
265.2639238169251;506172.24000698444;430628.148;1.4800000000000009
229.77645661327256;471366.91676470655;358456.648;1.4800000000000006
256.0718603596572;525958.5180417249;427372.148;1.4800000000000009
254.99545032167208;548910.2859907676;426057.648;1.4800000000000009
263.2463793965763;554721.6183982622;425454.648;1.4800000000000009
