ALD;COST IN CLOUD;NU;MT
261.5568174593515;559755.0562121893;461174.78;2.800000000000002
244.3100224589544;499834.3659452503;411990.78;2.800000000000002
230.5021095048006;484742.92734762415;395987.78;2.800000000000002
242.49760517996646;504253.97793019156;414969.28;2.800000000000002
263.0389006811886;563322.6944478273;464574.28;2.800000000000002
