ALD;SALD;CIC;SCIC;NU;SNU;MT;SMT
./25-users/edgeward/0e.csv 395.63273341685897 80.49796544676387235793.69458454283 22400.8619252259155222.63399999993 17695.1247133921060.8400000000000002 2.220446049250313e-16
./25-users/edgeward/1e.csv 182.35134642249744 7.706847288494094444432.77526468935 24502.258796526636179141.448 3944.4527706641391.4800000000000009 0
./25-users/edgeward/2e.csv 277.11147397894945 3.9834128661842905549785.2090829735 23373.093544709078337436.636 1329.85865414336422.3600000000000017 2.808666774861361e-16
./25-users/edgeward/3e.csv 253.87081410162062 12.683466778595871521425.91584048915 30407.620456032757413593.848 27626.5981919598631.4800000000000009 9.930136612989092e-17
./25-users/edgeward/4e.csv 308.8397065929086 2.0059778107268325589908.7532881856 5105.690166797781500607 1868.41505024980980 0
./25-users/edgeward/5e.csv 248.3810910568523 12.323133823404754522381.8043766165 32639.26031049009429739.38000000006 27835.2071653867862.800000000000002 0
./25-users/edgeward/6e.csv 209.08656166416284 7.592293623914552466179.88207904936 18961.09954093712356695.604 25109.3333933818323.040000000000002 3.4399002279594067e-16
./25-users/edgeward/7e.csv 204.9140384142873 6.997513922694095502370.53928882646 30895.347986311925472793.50800000003 43225.619924530873.080000000000002 3.4399002279594067e-16
