ALD;COST IN CLOUD;NU;MT
688.8592730295761;634225.3335867247;271165.5;0.0
685.404037714574;636921.4333416633;271834.0;0.0
691.6222659276007;639674.5897239768;271734.5;0.0
685.8365853654708;658381.395684347;271121.0;0.0
687.7325180251585;664163.0378734553;271952.5;0.0
