ALD;COST IN CLOUD;NU;MT
262.399997242134;570855.9955424233;431767.0;0.0
267.65242414540194;610510.535661472;432729.0;0.0
264.67294222567466;620863.949797353;431805.5;0.0
257.9496410504064;607196.9273686777;428750.0;0.0
261.42590528351275;618992.9257603785;430170.5;0.0
