ALD;COST IN CLOUD;NU;MT
376.1753513606213;238682.30044022255;160173.528;5.279999999999981
368.2995905728388;269698.1832563734;161362.528;5.279999999999981
372.18264767232506;240680.46745446383;159263.528;5.279999999999977
405.5546022354315;225827.56261607018;133552.028;5.279999999999977
369.62476569110754;263861.8877382381;160005.028;5.279999999999981
