ALD;COST IN CLOUD;NU;MT
454.21142263761914;244342.86612730904;81836.504;5.039999999999991
457.7482508961239;215124.91748954076;66065.004;5.039999999999993
443.70405745668444;196462.7003465545;76326.004;5.039999999999991
463.8737646124583;192458.62471038493;79188.504;5.039999999999993
431.4905521494357;206362.73129511968;80873.004;5.039999999999991
