ALD;COST IN CLOUD;NU;MT
227.09317212985187;73100.39999998643;79118.48;24.79999999999956
214.27407298430387;71805.5999999867;73611.464;24.639999999999564
216.2753501286313;71506.79999998675;76045.996;24.959999999999557
225.10086004591798;60593.79999998651;78415.996;24.959999999999557
207.70443986038023;140198.79999998875;79044.98;24.79999999999956
220.06834961294652;67574.59999998675;80140.496;24.959999999999557
