ALD;COST IN CLOUD;NU;MT
224.6708807872084;139983.58255090044;81448.164;36.63999999999964
181.23654285509667;78271.52553053234;85412.664;36.639999999999674
178.14376629618982;86238.759999986;86771.664;36.63999999999969
230.82089087693967;147989.59999999608;83395.68;36.799999999999876
207.39396458748877;68525.85659162633;81251.664;36.639999999999766
212.18293228459834;137351.51446944394;79802.164;36.639999999999695
