ALD;COST IN CLOUD;NU;MT
154.40356955849128;145932.60042871724;88161.212;27.11999999999954
184.45534397224733;165729.401900732;80986.696;26.95999999999952
174.51721732906833;291012.81020364596;87422.712;27.119999999999532
175.1106373329191;253949.89131833587;88037.712;27.11999999999951
160.36565065110037;268194.23957127525;88395.696;26.959999999999535
142.99068339537914;424128.4293676198;90719.212;27.11999999999951
