ALD;COST IN CLOUD;NU;MT
31.59318397498605;21613.199999995177;23452.532;0.32
31.478292358184465;21264.599999995207;23564.032;0.32
33.90336817608362;20866.19999999535;23777.532;0.32
31.893725453383016;20965.799999995277;23837.032;0.32
32.846547369126746;20766.59999999535;23417.032;0.32
32.84427211495847;20965.799999995328;23183.532;0.32
