ALD;COST IN CLOUD;NU;MT
28.11632394340265;48605.57191853739;24097.564;0.64
28.071541099143673;56893.759999995076;23885.064;0.64
28.39813883267937;25039.771918537346;24490.064;0.64
27.707612177503645;808795.7600000057;24288.564;0.64
28.09538298750973;56855.59999999528;24319.564;0.64
27.25166429563475;52873.59999999504;23431.064;0.64
