ALD;COST IN CLOUD;NU;MT
17.584771062270743;193439.99999999828;23414.596;0.9600000000000003
18.499730788109108;139825.7999999978;24035.596;0.9600000000000003
18.256962035673027;173208.35999999894;23929.096;0.9600000000000005
20.403216929204678;294371.9999999986;23879.096;0.9600000000000005
18.28099436497815;171299.9999999984;23574.596;0.9600000000000005
