ALD;COST IN CLOUD;NU;MT
20.15781623302203;246465.1999999995;23931.128;1.2800000000000005
21.02211081990074;326705.799999999;23814.128;1.2800000000000005
19.969103844030776;349066.0000000007;23760.128;1.2800000000000005
19.624308702791062;267321.40000000247;24108.128;1.2800000000000005
20.497466460704135;285986.99999999936;23740.128;1.2800000000000005
18.908192040209666;283546.40000000224;24121.628;1.2800000000000005
