ALD;COST IN CLOUD;NU;MT
18.882948145275034;317751.75999999914;23626.044;5.439999999999993
16.716333836351055;273036.36000000144;23164.044;5.439999999999993
16.8177033094957;243712.0400000009;23353.544;5.439999999999993
17.48931386743847;197100.6399999999;24291.544;5.439999999999993
17.433514218407804;244845.20000000106;23238.544;5.439999999999993
18.448499357472162;228736.99999999936;23966.544;5.439999999999993
17.02401913273838;174889.40000000084;23382.544;5.439999999999993
