ALD;COST IN CLOUD;NU;MT
17.393977673325203;323911.4000000004;22984.304;3.040000000000002
17.985087770614488;312120.1600000016;23547.804;3.0400000000000023
17.41326471078484;260211.96000000153;23144.304;3.0400000000000023
17.80448171231728;241108.16000000265;23573.304;3.0400000000000023
17.71544357468985;284721.8000000006;23707.788;2.880000000000002
17.42361751152043;363118.40000000014;23440.804;3.040000000000002
