ALD;COST IN CLOUD;NU;MT
17.445829228242737;290257.96000000084;23496.304;3.040000000000002
17.488124274099633;271159.80000000086;23251.804;3.040000000000002
17.775048328964353;350089.20000000123;23601.804;3.040000000000002
17.7789436047454;281093.96000000247;23789.804;3.040000000000002
71.50353132544679;18176.99999999603;22810.804;3.0400000000000023
17.81900304733731;354736.0000000008;23792.804;3.040000000000002
