ALD;COST IN CLOUD;NU;MT
56.60974244316953;61731.999999996224;22475.512;5.12
62.18579106700086;31952.399999996105;22878.512;5.12
67.87442809305448;52622.599999996295;23044.012;5.12
60.84872746457956;35300.19999999608;23029.512;5.12
74.04781752890621;48142.599999996266;22828.012;5.12
65.61726272619318;35984.1999999961;22939.512;5.12
