ALD;COST IN CLOUD;NU;MT
41.030320113204496;14571.323571425666;16092.752;2.520000000000002
48.04307027646734;14290.82357142574;15578.252;2.520000000000002
52.917496847020935;14762.509285711287;15692.252;2.520000000000002
54.137492050091694;15425.337857139784;17707.252;2.520000000000002
49.46448313721598;14379.537857139978;15539.752;2.520000000000002
