ALD;COST IN CLOUD;NU;MT
62.959486689387106;15730.39499999678;18594.932;4.319999999999996
77.99352203893793;18980.0807142818;23308.432;4.319999999999996
41.195585458899586;14368.694999997142;14817.432;4.319999999999998
71.57672960475982;17604.623571424912;21974.932;4.320000000000001
47.1081478855006;12765.49499999755;13316.432;4.320000000000001
