ALD;COST IN CLOUD;NU;MT
80.11093189902842;17918.85214285344;23046.752;2.520000000000002
80.51249374659069;18003.47281350116;23184.752;2.520000000000002
84.94407168370431;22395.337857139166;22810.752;2.520000000000002
79.74813405878778;18099.109285710598;23283.252;2.520000000000002
81.93689253897011;18302.272813501106;23128.752;2.520000000000002
