ALD;COST IN CLOUD;NU;MT
75.054611840611;17635.48071428208;22885.384;3.8400000000000025
79.00790869013136;18610.76541800263;22855.884;3.8400000000000025
80.10054986733601;18094.094999996305;22577.384;3.8400000000000025
73.0268574073616;17945.974999996335;22638.384;3.840000000000003
91.14056745042593;17238.080208999756;22156.884;3.8400000000000025
