ALD;COST IN CLOUD;NU;MT
52.32851758355399;17016.937857140398;9970.024;0.23999999999999996
27.065637783672724;12088.737857140539;10525.024;0.23999999999999996
27.109624725667036;16568.737857140553;10617.524;0.23999999999999996
37.29323779659499;12172.909285711918;10095.024;0.23999999999999996
26.65373036897423;12188.337857140516;10254.524;0.23999999999999996
