ALD;COST IN CLOUD;NU;MT
51.296625579826895;17051.309285711875;10144.548;0.4799999999999999
25.989764565043583;12621.109285711902;10650.548;0.4799999999999999
33.12858842268217;16767.937857140467;10628.048;0.4799999999999999
55.049594238390625;12138.537857140578;10035.548;0.4799999999999999
48.895874695957005;17514.93785714028;10347.548;0.4799999999999999
