ALD;COST IN CLOUD;NU;MT
44.81082493930023;21421.029285711167;18893.572;0.7200000000000001
56.03980578444504;16321.737857139537;19076.572;0.7200000000000001
30.444246532885924;14477.137857141028;8506.072;0.7200000000000004
56.89220991013248;20054.737857139688;18825.072;0.7200000000000001
56.23035653016329;20552.737857139608;18792.572;0.7200000000000001
