ALD;COST IN CLOUD;NU;MT
56.35789566501814;15907.909285711095;18375.096;0.9600000000000003
49.63399449978201;17118.537857139363;19109.596;0.9600000000000003
45.60639933615308;21498.937857139426;18428.596;0.9600000000000003
52.843244860626164;16206.70928571104;18432.096;0.9600000000000003
39.73457657999006;20985.509285710945;18703.096;0.9600000000000003
