ALD;COST IN CLOUD;NU;MT
51.509819502807794;10802.294999997934;12147.408;4.080000000000001
38.98535270427591;13831.737857140119;14579.908;4.080000000000001
49.39031432260103;15862.69499999678;16526.408;4.080000000000003
38.748260401129;15065.27281350185;16030.908;4.080000000000003
57.490864567890014;17863.537857140225;14581.908;4.080000000000001
