ALD;COST IN CLOUD;NU;MT
77.39175855502145;17865.537857139163;22901.728;2.280000000000001
88.01252893267063;27262.294999996273;22996.728;2.280000000000001
86.67785628453066;18114.53785713908;23596.728;2.280000000000001
75.29880089942638;18085.774999996363;22744.728;2.280000000000001
68.19903060162605;22379.909285710593;22607.228;2.2800000000000016
