ALD;COST IN CLOUD;NU;MT
47.05877296234937;9399.537857141155;10267.728;2.280000000000001
80.74922914529805;18233.080714281914;22962.728;2.2800000000000016
75.39085947845115;18398.509285710526;22547.228;2.280000000000001
79.20365859134675;17999.50928571056;22928.228;2.280000000000001
76.70195678026815;18397.90928571044;23143.228;2.280000000000001
