ALD;COST IN CLOUD;NU;MT
72.53848138730254;17329.709285710793;22552.384;3.8400000000000025
81.05802315292617;17984.080714281983;23013.884;3.8400000000000025
70.99234007300927;17326.094999996436;22200.384;3.8400000000000025
92.71470046231386;17804.894999996315;23039.884;3.8400000000000025
90.0619589274927;17337.20071428231;23330.884;3.8400000000000025
