ALD;COST IN CLOUD;NU;MT
18.160365456402108;49736.19999999591;23161.56;5.599999999999969
18.444905042047196;45604.7999999957;22993.06;5.599999999999969
18.09554436651815;41572.99999999563;23589.56;5.599999999999969
16.741680767516637;22507.599999995964;22967.06;5.599999999999969
18.395757258247656;28182.799999995645;23804.044;5.439999999999972
18.497039687829133;19571.39999999568;23076.06;5.599999999999969
