ALD;COST IN CLOUD;NU;MT
72.17250591571761;20965.799999995277;23596.5;0.0
72.24581312442018;21364.199999995173;23429.0;0.0
75.33833410972095;21961.799999995004;23850.0;0.0
71.95861128871576;21314.399999995185;23657.5;0.0
74.20613506805292;21214.799999995194;23626.0;0.0
73.8771488866534;21413.999999995132;23573.0;0.0
