ALD;COST IN CLOUD;NU;MT
77.81576280087229;22260.59999999495;24181.5;0.0
69.86933652291415;21164.99999999522;23707.0;0.0
69.15693074422524;20816.3999999953;23122.0;0.0
75.28595423930567;21712.799999995103;23598.5;0.0
78.37186345008915;22310.399999994974;24044.5;0.0
78.92492505249697;21862.199999995028;23600.0;0.0
