ALD;COST IN CLOUD;NU;MT
34.362943019222506;46981.79999999539;23284.396;8.959999999999958
27.056124947225705;55313.599999995946;22983.396;8.959999999999955
18.833860678038192;67810.59999999593;23419.396;8.959999999999962
18.813948807805634;37147.79999999563;23502.896;8.959999999999965
16.883297287296177;36636.599999996;22797.396;8.959999999999948
17.187518847701945;49058.99999999618;23468.896;8.959999999999969
