ALD;COST IN CLOUD;NU;MT
26.85386530379037;39141.79999999416;23406.736;7.359999999999991
28.677579521784736;55812.59999999445;23330.236;7.359999999999988
20.40011769929799;60089.39999999474;23327.236;7.359999999999988
19.318939952335192;65221.7999999945;23496.736;7.359999999999988
18.508328143518877;46630.999999994216;23648.736;7.359999999999988
20.8485967819244;72646.19999999474;23643.736;7.359999999999991
