ALD;COST IN CLOUD;NU;MT
68.66982499452423;20915.999999995278;23619.5;0.0
73.95950288338314;21314.39999999522;23852.5;0.0
78.6028497662731;21911.999999995045;23879.0;0.0
76.04560121369273;21613.19999999515;23714.0;0.0
67.90926944750889;21762.59999999508;24010.0;0.0
74.35033822498363;21364.199999995195;23460.0;0.0
