ALD;COST IN CLOUD;NU;MT
28.015121715327542;747022.1600000018;23618.8;7.9999999999999885
27.323471612995654;677057.6000000009;23355.8;7.999999999999996
27.034698621421796;668689.7600000016;22842.8;7.999999999999992
26.256154871117175;685414.7492818871;23464.3;7.999999999999992
28.253865215522225;668294.5600000018;23725.3;7.999999999999996
28.427527514629702;25561.99999999434;23081.8;7.999999999999996
