ALD;COST IN CLOUD;NU;MT
74.66461742107929;21513.59999999516;23740.0;0.0
83.39425398985432;22360.19999999494;23992.0;0.0
75.95806340600987;22061.399999995032;24151.5;0.0
76.12272031176413;21762.59999999509;23824.0;0.0
73.52264062485023;21862.19999999508;23873.0;0.0
75.35385752409945;21563.39999999515;23630.0;0.0
