ALD;COST IN CLOUD;NU;MT
404.52950819740244;627720.1326091705;264837.5;0.0
410.29457878450745;618350.691894397;266248.0;0.0
406.1713996265282;623792.6483718284;265550.0;0.0
409.1149788000843;606375.0216921199;266908.0;0.0
408.66899574315545;619215.0305563718;266990.0;0.0
