ALD;COST IN CLOUD;NU;MT
406.618719076446;579871.9285893734;365919.0;0.0
408.7571767892368;608766.8562487944;367935.5;0.0
408.28205207374094;589125.7257847385;367277.0;0.0
406.8759685001627;594333.5776990644;366155.0;0.0
413.53433299118893;602091.5462271271;367275.5;0.0
