ALD;COST IN CLOUD;NU;MT
356.9585545816686;564948.2237066575;483682.5;0.0
356.9678312598245;557253.7152035362;481271.5;0.0
359.63854701620403;571883.4108964391;480828.5;0.0
359.69305861992694;581229.6679935546;479927.0;0.0
359.56584836959934;598719.7933250372;484373.0;0.0
