ALD;COST IN CLOUD;NU;MT
361.0611703006792;597438.4036813062;483070.5;0.0
362.0635413751157;591299.3649106211;482183.5;0.0
360.4304877485885;608822.1916280608;482002.5;0.0
357.0081500710965;583844.4855798465;480147.5;0.0
361.9666256138947;607400.3439074272;483606.0;0.0
