ALD;COST IN CLOUD;NU;MT
362.51907583689473;585558.8002200841;483807.0;0.0
360.3796727621902;592063.7092341783;485866.5;0.0
357.03463836054067;601756.9102660196;483708.5;0.0
363.73001492577913;596094.6511157957;484887.5;0.0
360.91148594615356;572501.6121419196;488252.0;0.0
