ALD;COST IN CLOUD;NU;MT
257.5108074558849;611218.962884346;409288.5;0.0
253.34011556664154;587177.7849847944;409491.0;0.0
258.8516139313023;596839.4746710409;406622.0;0.0
252.83623422075294;590565.1986839981;409889.5;0.0
255.99767502646137;597896.0033032489;407483.0;0.0
