ALD;COST IN CLOUD;NU;MT
368.21849079074155;458242.87899137347;105902.028;5.2799999999999825
362.1945755271984;394151.6704720269;108113.528;5.279999999999981
364.64859677226355;439737.3415974714;101529.028;5.27999999999998
362.8676854275816;442392.58534686937;110909.528;5.279999999999977
374.29709051990415;353709.4470652101;96721.028;5.279999999999981
