ALD;COST IN CLOUD;NU;MT
449.58455492607317;145335.98990610207;64654.028;5.27999999999998
516.0240379036095;142331.43553054656;50750.028;5.279999999999977
447.1337609796193;170599.19520745258;70032.528;5.279999999999975
458.9761300068542;242116.94605785765;54540.028;5.279999999999981
462.1889209429196;197495.03918247583;66479.528;5.279999999999975
