ALD;COST IN CLOUD;NU;MT
447.85745730509467;246972.9900468139;78383.004;5.039999999999993
459.36761870121865;213724.27283948974;58817.004;5.0399999999999965
469.4184003215499;191452.92570866388;71710.004;5.0399999999999965
460.2477832691254;236272.48660751648;61729.504;5.039999999999996
476.8285652245484;205653.6150562631;60797.004;5.03999999999999
