ALD;COST IN CLOUD;NU;MT
50.79683689552994;2652.280714285619;1585.588;5.879999999999988
49.6491802423501;13701.4521428544;15175.088;5.879999999999995
43.600665277686375;12450.023571426107;13317.088;5.879999999999989
88.96105791195373;17515.694999996413;22077.588;5.879999999999995
61.26224544480171;2018.2950000000033;618.588;5.879999999999996
75.92404452565405;18582.58071428188;22444.088;5.879999999999988
73.64737674749306;17965.78071428199;21861.088;5.879999999999996
63.584701139785366;18193.694999996256;22122.088;5.879999999999988
32.497724202521006;9422.552142855453;11155.088;5.879999999999988
