ALD;COST IN CLOUD;NU;MT
579.4652311372655;130743.97744908441;67271.18;16.799999999999766
603.8831294818411;157809.58936762973;68144.188;16.879999999999775
609.472516130112;156610.6280814548;67351.172;16.719999999999782
685.1255939813311;103756.9995712723;58320.68;16.79999999999977
588.0604474770207;148340.6399999947;68006.176;16.75999999999977
581.2977491987883;129723.74297963089;66086.188;16.879999999999768
