ALD;COST IN CLOUD;NU;MT
555.3264464295207;249120.548002072;88875.742;12.419999999999874
567.8979458555996;246786.5774228417;89396.246;12.459999999999871
539.6360649125332;270605.5643609295;82915.242;12.419999999999872
553.1998738178554;227374.1393917809;81742.242;12.419999999999872
555.5449007026768;241146.54095892527;81986.242;12.419999999999872
555.1327407043425;270767.9418149704;82714.234;12.339999999999876
