ALD;COST IN CLOUD;NU;MT
397.8300913062349;141478.70919614116;90782.5;19.999999999999698
342.78010641434633;166222.25080385874;78421.98;19.7999999999997
392.4513822530061;137457.11897105857;84503.996;19.95999999999969
382.01133367979895;133380.82306537635;84796.996;19.9599999999997
367.83092838220193;161535.3661307624;86330.496;19.95999999999969
394.45298080348175;107950.08510181955;86173.996;19.959999999999706
