ALD;COST IN CLOUD;NU;MT
16.297830341398672;45258.199999994766;23442.836;3.3600000000000025
17.51154933522873;60939.19999999432;23526.336;3.3600000000000025
16.640095807196726;44509.19999999597;22984.336;3.3600000000000025
17.416985418433978;55911.39999999437;23149.836;3.3600000000000025
15.999434351775038;71191.99999999508;23359.836;3.3600000000000025
18.25007016002357;84131.99999999616;23231.836;3.3600000000000025
