ALD;COST IN CLOUD;NU;MT
18.7721247581613;255097.799999999;23652.576;5.75999999999999
16.470032467532093;180632.59999999992;23870.076;5.75999999999999
18.847765046997075;283040.59999999945;23747.076;5.75999999999999
18.15083253087922;194516.00000000017;23809.076;5.75999999999999
17.46228423475218;225986.20000000094;23780.576;5.75999999999999
